{"@module": "abipy.core.structure", "@class": "Structure", "lattice": {"matrix": [[3.70707976, 0.0, 0.0], [-1.85353988, 3.21042525, 0.0], [0.0, 0.0, 11.91086825]], "a": 3.70707976, "b": 3.7070797634510075, "c": 11.91086825, "alpha": 90.0, "beta": 90.0, "gamma": 119.9999999692053, "volume": 141.75484566720664}, "sites": [{"species": [{"element": "Nd", "occu": 1}], "abc": [0.0, 0.0, 0.0], "xyz": [0.0, 0.0, 0.0], "label": "Nd", "properties": {"coordination_no": 12, "forces": [0.0, 0.0, 0.0]}}, {"species": [{"element": "Nd", "occu": 1}], "abc": [0.0, 0.0, 0.5], "xyz": [0.0, 0.0, 5.955434125], "label": "Nd", "properties": {"coordination_no": 12, "forces": [0.0, 0.0, 0.0]}}, {"species": [{"element": "Nd", "occu": 1}], "abc": [0.33333333, 0.66666667, 0.25], "xyz": [-1.8535398993435592e-08, 2.1402835107014178, 2.9777170625], "label": "Nd", "properties": {"coordination_no": 12, "forces": [0.0, 0.0, 0.0]}}, {"species": [{"element": "Nd", "occu": 1}], "abc": [0.66666667, 0.33333333, 0.75], "xyz": [1.853539898535399, 1.0701417392985826, 8.9331511875], "label": "Nd", "properties": {"coordination_no": 12, "forces": [0.0, 0.0, 0.0]}}]}
